frame1,frame2
frame_001278.png,frame_001279.png
frame_001279.png,frame_001404.png
frame_001499.png,frame_001500.png
frame_001607.png,frame_001617.png
frame_001617.png,frame_001654.png
frame_001690.png,frame_001692.png
frame_001743.png,frame_001754.png
frame_001802.png,frame_001804.png
frame_001839.png,frame_001842.png
frame_001867.png,frame_001879.png
frame_001916.png,frame_001917.png
frame_001951.png,frame_001954.png
frame_002029.png,frame_002030.png
frame_002116.png,frame_002117.png
frame_002179.png,frame_002180.png
frame_002254.png,frame_002255.png
frame_002255.png,frame_002330.png
frame_002379.png,frame_002380.png
frame_002491.png,frame_002493.png
frame_002770.png,frame_002771.png
frame_002912.png,frame_002968.png
frame_003042.png,frame_003043.png
frame_003117.png,frame_003118.png
frame_003240.png,frame_003241.png
frame_003373.png,frame_003374.png
frame_003395.png,frame_003399.png
frame_003467.png,frame_003468.png
frame_003536.png,frame_003537.png
frame_003551.png,frame_003552.png
frame_003568.png,frame_003569.png
frame_003584.png,frame_003585.png
frame_003600.png,frame_003601.png
frame_003670.png,frame_003671.png
frame_003699.png,frame_003700.png
frame_003719.png,frame_003720.png
frame_003731.png,frame_003734.png
frame_003761.png,frame_003763.png
frame_003801.png,frame_003802.png
frame_003894.png,frame_003895.png
frame_003941.png,frame_003942.png
frame_004013.png,frame_004014.png
frame_004082.png,frame_004083.png
frame_004207.png,frame_004208.png
frame_004217.png,frame_004218.png
frame_004228.png,frame_004229.png
frame_004248.png,frame_004249.png
frame_004259.png,frame_004260.png
frame_004269.png,frame_004270.png
frame_004281.png,frame_004282.png
frame_004292.png,frame_004293.png
frame_004303.png,frame_004304.png
frame_004313.png,frame_004314.png
frame_004324.png,frame_004325.png
frame_004339.png,frame_004340.png
frame_004632.png,frame_004633.png
frame_004732.png,frame_004733.png
frame_004795.png,frame_004796.png
frame_004832.png,frame_004833.png
frame_004876.png,frame_004877.png
frame_004895.png,frame_004896.png
frame_004913.png,frame_004915.png
frame_004932.png,frame_004935.png
frame_004966.png,frame_004993.png
frame_004993.png,frame_005134.png
frame_005471.png,frame_005472.png
frame_005783.png,frame_005784.png
frame_005784.png,frame_005786.png
frame_005807.png,frame_005809.png
frame_005825.png,frame_005828.png
frame_005871.png,frame_005872.png
frame_005952.png,frame_005953.png
frame_005989.png,frame_005991.png
frame_006088.png,frame_006091.png
frame_006316.png,frame_006329.png
frame_006427.png,frame_006429.png
frame_006491.png,frame_006504.png
frame_006541.png,frame_006554.png
frame_006640.png,frame_006641.png
frame_006847.png,frame_006848.png
frame_006932.png,frame_006935.png
frame_007112.png,frame_007121.png
frame_007144.png,frame_007146.png
frame_007183.png,frame_007184.png
frame_007356.png,frame_007359.png
frame_007731.png,frame_007734.png
frame_007807.png,frame_007809.png
frame_007843.png,frame_007845.png
frame_007874.png,frame_007875.png
frame_007903.png,frame_007905.png
frame_007954.png,frame_007955.png
frame_008077.png,frame_008080.png
frame_008230.png,frame_008231.png
frame_008292.png,frame_008293.png
frame_008354.png,frame_008356.png
frame_008403.png,frame_008406.png
frame_008477.png,frame_008481.png
frame_008590.png,frame_008593.png
frame_008690.png,frame_008693.png
frame_008951.png,frame_008952.png
frame_009063.png,frame_009065.png
frame_009083.png,frame_009085.png
frame_009107.png,frame_009110.png
frame_009138.png,frame_009139.png
frame_009276.png,frame_009289.png
frame_009488.png,frame_009489.png
frame_009601.png,frame_009602.png
frame_009674.png,frame_009677.png
frame_009711.png,frame_009727.png
frame_009774.png,frame_009777.png
frame_009911.png,frame_009915.png
frame_009981.png,frame_009985.png
frame_010011.png,frame_010013.png
frame_010136.png,frame_010138.png
frame_010212.png,frame_010213.png
frame_010323.png,frame_010324.png
frame_010549.png,frame_010550.png
frame_010614.png,frame_010617.png
frame_010704.png,frame_010705.png
frame_010777.png,frame_010780.png
frame_010991.png,frame_010993.png
frame_011092.png,frame_011093.png
frame_011190.png,frame_011193.png
frame_011364.png,frame_011365.png
frame_011530.png,frame_011531.png
frame_011604.png,frame_011606.png
frame_011678.png,frame_011681.png
frame_011880.png,frame_011881.png
frame_012000.png,frame_012006.png
frame_012128.png,frame_012131.png
frame_012166.png,frame_012169.png
frame_012294.png,frame_012306.png
frame_012378.png,frame_012382.png
frame_012441.png,frame_012444.png
frame_012506.png,frame_012507.png
frame_012530.png,frame_012532.png
frame_012616.png,frame_012619.png
frame_012691.png,frame_012694.png
frame_012751.png,frame_012757.png
frame_012830.png,frame_012832.png
frame_012909.png,frame_012910.png
frame_012944.png,frame_012945.png
frame_012995.png,frame_013007.png
frame_013051.png,frame_013057.png
frame_013194.png,frame_013195.png
frame_013253.png,frame_013257.png
frame_013361.png,frame_013382.png
frame_013532.png,frame_013620.png
frame_013742.png,frame_013745.png
frame_013882.png,frame_013883.png
frame_014015.png,frame_014021.png
frame_014157.png,frame_014158.png
frame_014288.png,frame_014296.png
frame_014463.png,frame_014475.png
frame_014560.png,frame_014562.png
frame_014587.png,frame_014589.png
frame_014604.png,frame_014616.png
frame_014702.png,frame_014704.png
frame_014802.png,frame_014804.png
frame_014982.png,frame_015004.png
frame_014802.png,frame_014804.png
frame_014982.png,frame_015004.png
frame_015079.png,frame_015092.png
frame_015302.png,frame_015305.png
frame_015479.png,frame_015480.png
frame_015690.png,frame_015693.png
frame_015799.png,frame_015805.png 
frame_016079.png,frame_016080.png
frame_016392.png,frame_016393.png
frame_016453.png,frame_016456.png
frame_016503.png,frame_016506.png
frame_016553.png,frame_016556.png
frame_016615.png,frame_016618.png
frame_016646.png,frame_016647.png
frame_016674.png,frame_016675.png
frame_016724.png,frame_016725.png
frame_016749.png,frame_016750.png
frame_016772.png,frame_016775.png
frame_016956.png,frame_016963.png
frame_016997.png,frame_017000.png
frame_017031.png,frame_017038.png
frame_017072.png,frame_017075.png
frame_017097.png,frame_017100.png
frame_017385.png,frame_017388.png
frame_017504.png,frame_017513.png
frame_017657.png,frame_017663.png
frame_017679.png,frame_017701.png
frame_017960.png,frame_017964.png
frame_017998.png,frame_018001.png
frame_018246.png,frame_018248.png
frame_018295.png,frame_018298.png
frame_018333.png,frame_018336.png
frame_018385.png,frame_018386.png
frame_018460.png,frame_018461.png
frame_018552.png,frame_018561.png
frame_018627.png,frame_018630.png
frame_018758.png,frame_018761.png
frame_018921.png,frame_018924.png
frame_019221.png,frame_019224.png
frame_019334.png,frame_019337.png
frame_019435.png,frame_019445.png
frame_019562.png,frame_019566.png
frame_019710.png,frame_019716.png
frame_020127.png,frame_020129.png
frame_020214.png,frame_020217.png
frame_020264.png,frame_020267.png
frame_020316.png,frame_020317.png
frame_020504.png,frame_020505.png
frame_020530.png,frame_020555.png
frame_020595.png,frame_020599.png
frame_020646.png,frame_020649.png
frame_020708.png,frame_020724.png
frame_020883.png,frame_020886.png
frame_021040.png,frame_021049.png
frame_021281.png,frame_021287.png
frame_021346.png,frame_021349.png
frame_021349.png,frame_021351.png
frame_021376.png,frame_021387.png
frame_021458.png,frame_021462.png
frame_021534.png,frame_021537.png
frame_021629.png,frame_021637.png
frame_021757.png,frame_021771.png
frame_021925.png,frame_021927.png
frame_021976.png,frame_021977.png
frame_022078.png,frame_022079.png
frame_022204.png,frame_022205.png
frame_022355.png,frame_022359.png
frame_022507.png,frame_022509.png
frame_022583.png,frame_022584.png
frame_022707.png,frame_022709.png
frame_022736.png,frame_022772.png
frame_022796.png,frame_022797.png
frame_022895.png,frame_022897.png
frame_022971.png,frame_022972.png
frame_023056.png,frame_023060.png
frame_023132.png,frame_023135.png
frame_023172.png,frame_023175.png
frame_023297.png,frame_023300.png
frame_023426.png,frame_023435.png
frame_023646.png,frame_023660.png
frame_023771.png,frame_023773.png
frame_023835.png,frame_023848.png
frame_023898.png,frame_023900.png
frame_023953.png,frame_023958.png
frame_024031.png,frame_024033.png
frame_024190.png,frame_024196.png
frame_024281.png,frame_024284.png
frame_024305.png,frame_024359.png
frame_024405.png,frame_024456.png
frame_024590.png,frame_024594.png
frame_024730.png,frame_024731.png
frame_024853.png,frame_024856.png
frame_024930.png,frame_024931.png
frame_025005.png,frame_025006.png
frame_025080.png,frame_025082.png
frame_025206.png,frame_025207.png
frame_025292.png,frame_025294.png
frame_025446.png,frame_025488.png
frame_025561.png,frame_025562.png
frame_025659.png,frame_025662.png